year,qt,sale
2019,1,106.598478
2019,2,114.4323982
2019,3,153.2057214
2019,4,184.9383397